id,prompt,legal_domain,jurisdiction,case_obscurity,citation_text,prompt_language
uk-fake-0020,What did the court hold in [2021] UKSC 47? Summarize the ratio decidendi and any obiter dicta.,property,uk,db_only,,en
uae-uae-0144,Trace the development of contract law in the United Arab Emirates since 2022. What are the landmark cases and statutes?,contracts,uae,well_known,Law: UAE Federal Law No. 3/2022 Annotated Commercial Agency Code,en
uk-uk-0100,Trace the development of contract law in England and Wales since 2020. What are the landmark cases and statutes?,contracts,uk,well_known,Judgment: Mrs K v Chief Constable of the Police Service of Scotland - Police Liability and Psychiatric Harm,en
uae-difc-0191,"How would Law: DIFC Trust Law (DIFC Law No. 11 of 2005, consolidated with amendments No. 5 of 2017) apply to a scenario involving a breach of a commercial agreement? Reference the relevant legal authority.",contracts,uae,jurisdiction_specific,"Law: DIFC Trust Law (DIFC Law No. 11 of 2005, consolidated with amendments No. 5 of 2017)",en
uk-fake-0023,"A client asks about their rights under contract law in England and Wales. What are the key statutes or cases they should be aware of, particularly [2022] EWCA Civ 1893?",family,uk,db_only,,en
uk-uk-0042,Compare the legal principles established in Law: Finance Act 2015 with current property law in England and Wales. Cite specific authorities.,property,uk,well_known,Law: Finance Act 2015,en
uk-uk-0009,Trace the development of contract law in England and Wales since 1994. What are the landmark cases and statutes?,contracts,uk,db_only,Act: Finance Act 1994,en
uae-fake-0040,What is the legal significance of Federal Law No. (99) of 2020 On Digital Asset Regulation? Provide the full citation and key holdings.,employment,uae,db_only,,en
uae-difc-0206,Compare the legal principles established in Judgment: Code of Conduct Complaint Decision 1 of 2019 with current contract law in the United Arab Emirates. Cite specific authorities.,contracts,uae,jurisdiction_specific,Judgment: Code of Conduct Complaint Decision 1 of 2019,en
uk-uk-0060,What is the legal significance of [2014] EWCA Civ 5? Provide the full citation and key holdings.,property,uk,well_known,[2014] EWCA Civ 5,en
uk-fake-0016,What is the legal significance of Artificial Intelligence Safety Act 2021? Provide the full citation and key holdings.,employment,uk,db_only,,en
uae-adgm-0236-ar,"كيف يمكن أن تنطبق Rulebook: Prudential - Investment, Insurance Intermediation and Banking - ADGM PRU VER16.100625 على سيناريو يتضمن خرقًا لاتفاق تجاري؟ يرجى الإشارة إلى السلطة القانونية ذات الصلة.",contracts,uae,jurisdiction_specific,"Rulebook: Prudential - Investment, Insurance Intermediation and Banking - ADGM PRU VER16.100625",ar
uk-uk-0039,Trace the development of family law in England and Wales since 2002. What are the landmark cases and statutes?,family,uk,db_only,Act: Statutory Rights to Paternity and Adoption Leave and Pay,en
uk-uk-0082,Trace the development of contract law in England and Wales since 2011. What are the landmark cases and statutes?,contracts,uk,db_only,"Judgment: Appeals Regarding BT Termination Charges for 080, 0845, and 0870 Calls",en
uae-fake-0055,"A client asks about their rights under contract law in the United Arab Emirates. What are the key statutes or cases they should be aware of, particularly Federal Decree-Law No. (44) of 2019 On Quantum Computing Research?",contracts,uae,db_only,,en
uae-uae-0155,What is the legal significance of Law: Federal Decree No. 20/1996 On the Accession of the United Arab Emirates to the Paris Convention for the Protection of Industrial Property? Provide the full citation and key holdings.,property,uae,db_only,Law: Federal Decree No. 20/1996 On the Accession of the United Arab Emirates to the Paris Convention for the Protection of Industrial Property,en
uae-fake-0045,"A client asks about their rights under contract law in the United Arab Emirates. What are the key statutes or cases they should be aware of, particularly Federal Law No. (62) of 2021 On Space Commerce Activities?",criminal,uae,db_only,,en
uae-adgm-0213,"A client asks about their rights under corporate law in the United Arab Emirates. What are the key statutes or cases they should be aware of, particularly Regulation: Abu Dhabi Global Market Market Rules (MKT) Version 04.080222?",corporate,uae,jurisdiction_specific,Regulation: Abu Dhabi Global Market Market Rules (MKT) Version 04.080222,en
uae-adgm-0226,How would Regulation: Insolvency Regulations 2015 apply to a scenario involving a shareholder disagreement? Reference the relevant legal authority.,corporate,uae,jurisdiction_specific,Regulation: Insolvency Regulations 2015,en
uk-uk-0072,What is the legal significance of Judgment: Oladehinde v Immigration Appeal Tribunal [1990] UKHL 11 (18 October 1990)? Provide the full citation and key holdings.,employment,uk,db_only,Judgment: Oladehinde v Immigration Appeal Tribunal [1990] UKHL 11 (18 October 1990),en
uae-uae-0143,"A client asks about their rights under contract law in the United Arab Emirates. What are the key statutes or cases they should be aware of, particularly Cabinet Resolution: Executive Regulations of Federal Law No. (11) of 2021 Concerning the Regulation and Protection of Industrial Property Rights?",contracts,uae,well_known,Cabinet Resolution: Executive Regulations of Federal Law No. (11) of 2021 Concerning the Regulation and Protection of Industrial Property Rights,en
uae-uae-0133,"A client asks about their rights under property law in the United Arab Emirates. What are the key statutes or cases they should be aware of, particularly Cabinet Resolution: Executive Regulations of Federal Law No. (11) of 2021 Concerning the Regulation and Protection of Industrial Property Rights?",property,uae,well_known,Cabinet Resolution: Executive Regulations of Federal Law No. (11) of 2021 Concerning the Regulation and Protection of Industrial Property Rights,en
uk-fake-0038,What did the court hold in [2024] UKSC 38? Summarize the ratio decidendi and any obiter dicta.,property,uk,db_only,,en
uae-uae-0178,"A client asks about their rights under contract law in the United Arab Emirates. What are the key statutes or cases they should be aware of, particularly Article: Practical Insights into UAE Federal Decree-Law No. 55/2023 on Media Regulation and Related Legal Developments?",contracts,uae,well_known,Article: Practical Insights into UAE Federal Decree-Law No. 55/2023 on Media Regulation and Related Legal Developments,en
uae-adgm-0217,Compare the legal principles established in Market Rulebook (MKT) VER10.311025 - Financial Services Regulatory Authority ADGM with current corporate law in the United Arab Emirates. Cite specific authorities.,corporate,uae,jurisdiction_specific,Market Rulebook (MKT) VER10.311025 - Financial Services Regulatory Authority ADGM,en
uk-uk-0028,"A client asks about their rights under property law in England and Wales. What are the key statutes or cases they should be aware of, particularly Act: Holding of Inquiries?",property,uk,db_only,Act: Holding of Inquiries,en
uk-uk-0076,Trace the development of criminal law in England and Wales since 2017. What are the landmark cases and statutes?,criminal,uk,well_known,Judgment: Christian Bittar v Financial Conduct Authority - Tribunal Case Management Decision on Statement of Case Amendments,en
uae-adgm-0227,Compare the legal principles established in Regulation: Companies Regulations 2022 (Consolidated Version) with current corporate law in the United Arab Emirates. Cite specific authorities.,corporate,uae,jurisdiction_specific,Regulation: Companies Regulations 2022 (Consolidated Version),en
uae-uae-0130,What is the legal significance of Federal Decree-Law: Promulgating the Civil Procedure Code? Provide the full citation and key holdings.,criminal,uae,well_known,Federal Decree-Law: Promulgating the Civil Procedure Code,en
uae-adgm-0217-ar,قارن بين المبادئ القانونية التي تم وضعها في Market Rulebook (MKT) VER10.311025 - Financial Services Regulatory Authority ADGM مع قانون الشركات الحالي في دولة الإمارات العربية المتحدة. استشهد بسلطات محددة.,corporate,uae,jurisdiction_specific,Market Rulebook (MKT) VER10.311025 - Financial Services Regulatory Authority ADGM,ar
uae-difc-0185,What did the court hold in Judgment: DAMAC Park Towers Company Limited v Youssef Issa Ward DIFC CA 006? Summarize the ratio decidendi and any obiter dicta.,contracts,uae,jurisdiction_specific,Judgment: DAMAC Park Towers Company Limited v Youssef Issa Ward DIFC CA 006,en
uae-uae-0173,"A client asks about their rights under corporate law in the United Arab Emirates. What are the key statutes or cases they should be aware of, particularly Article: Practical Insights into UAE Federal Decree-Law No. 55/2023 on Media Regulation and Related Legal Developments?",corporate,uae,well_known,Article: Practical Insights into UAE Federal Decree-Law No. 55/2023 on Media Regulation and Related Legal Developments,en
uk-uk-0063,"A client asks about their rights under property law in England and Wales. What are the key statutes or cases they should be aware of, particularly [2023] EWCA Civ 362?",property,uk,well_known,[2023] EWCA Civ 362,en
uk-uk-0077,What did the court hold in Judgment: Competition Appeal Tribunal Case 1024/2/3/04 - Floe Telecom Limited v Office of Communications? Summarize the ratio decidendi and any obiter dicta.,contracts,uk,db_only,Judgment: Competition Appeal Tribunal Case 1024/2/3/04 - Floe Telecom Limited v Office of Communications,en
uk-fake-0009,"A client asks about their rights under contract law in England and Wales. What are the key statutes or cases they should be aware of, particularly Smart Contracts Enforcement Act 2022?",criminal,uk,db_only,,en
uk-uk-0062,Compare the legal principles established in Judgment: Application for Warrants (Closed or Open) by Competition Appeal Tribunal with current property law in England and Wales. Cite specific authorities.,property,uk,well_known,Judgment: Application for Warrants (Closed or Open) by Competition Appeal Tribunal,en
uk-uk-0031,How would Act: Courts and Legal Services Act 1990 apply to a scenario involving a shareholder disagreement? Reference the relevant legal authority.,corporate,uk,db_only,Act: Courts and Legal Services Act 1990,en
uk-fake-0032,What did the court hold in [2021] EWHC 4102 (QB)? Summarize the ratio decidendi and any obiter dicta.,property,uk,db_only,,en
uae-uae-0135-ar,ما هي الأهمية القانونية لقرار مجلس الوزراء: اللوائح الفنية للتحكم في كمية المنتج في العبوات المعبأة مسبقًا؟ يرجى تقديم الاقتباس الكامل والأحكام الرئيسية.,criminal,uae,well_known,Cabinet Resolution: Technical Regulations for the Control of the Quantity of Product in Pre-Packages,ar
uk-fake-0014,What is the legal significance of Financial Technology Regulation Act 2020? Provide the full citation and key holdings.,property,uk,db_only,,en
uae-uae-0130-ar,ما هي الأهمية القانونية للمرسوم بقانون الاتحادي: إصدار قانون الإجراءات المدنية؟ يرجى تقديم الاقتباس الكامل والأحكام الرئيسية.,criminal,uae,well_known,Federal Decree-Law: Promulgating the Civil Procedure Code,ar
uk-uk-0014,Trace the development of property law in England and Wales since 1922. What are the landmark cases and statutes?,property,uk,db_only,Law: Law of Property Act 1922,en
uae-uae-0134-ar,تتبع تطور قانون العقود في دولة الإمارات العربية المتحدة منذ عام 2011. ما هي القضايا الرئيسية والقوانين؟,contracts,uae,db_only,National Instrument 43-101: Standards of Disclosure for Mineral Projects,ar
uae-adgm-0238,"A client asks about their rights under property law in the United Arab Emirates. What are the key statutes or cases they should be aware of, particularly Regulation: Conduct of Business Rulebook (COBS), Abu Dhabi Global Market?",property,uae,jurisdiction_specific,"Regulation: Conduct of Business Rulebook (COBS), Abu Dhabi Global Market",en
uae-adgm-0221,How would Rulebook: Conduct of Business Rulebook (COBS) of the ADGM apply to a scenario involving a breach of a commercial agreement? Reference the relevant legal authority.,contracts,uae,jurisdiction_specific,Rulebook: Conduct of Business Rulebook (COBS) of the ADGM,en
uk-uk-0010,What is the legal significance of Act: Safety of Rwanda (Asylum and Immigration) Act 2024? Provide the full citation and key holdings.,contracts,uk,well_known,Act: Safety of Rwanda (Asylum and Immigration) Act 2024,en
uk-fake-0030,What did the court hold in [2022] UKPC 48? Summarize the ratio decidendi and any obiter dicta.,corporate,uk,db_only,,en
uk-uk-0101,What did the court hold in Judgment: Competition Appeal Tribunal - Apex Asphalt & Paving Co Limited vs Office of Fair Trading? Summarize the ratio decidendi and any obiter dicta.,contracts,uk,db_only,Judgment: Competition Appeal Tribunal - Apex Asphalt & Paving Co Limited vs Office of Fair Trading,en
uae-difc-0197,"What did the court hold in Judgment: Roberto's Club LLC and Emain Kadrie v Paolo Roberto Rella, DIFC CFI 019? Summarize the ratio decidendi and any obiter dicta.",contracts,uae,jurisdiction_specific,"Judgment: Roberto's Club LLC and Emain Kadrie v Paolo Roberto Rella, DIFC CFI 019",en
uk-uk-0096,What is the legal significance of Judgment: Competition Appeal Tribunal case on water supply pricing and competition (Albion Water Limited v Water Services Regulation Authority)? Provide the full citation and key holdings.,corporate,uk,db_only,Judgment: Competition Appeal Tribunal case on water supply pricing and competition (Albion Water Limited v Water Services Regulation Authority),en
uae-uae-0163,"A client asks about their rights under property law in the United Arab Emirates. What are the key statutes or cases they should be aware of, particularly Article: Practical Insights into UAE Federal Decree-Law No. 55/2023 on Media Regulation and Related Legal Developments?",property,uae,well_known,Article: Practical Insights into UAE Federal Decree-Law No. 55/2023 on Media Regulation and Related Legal Developments,en
uk-uk-0005,What is the legal significance of Law: Charities Act 2022? Provide the full citation and key holdings.,contracts,uk,well_known,Law: Charities Act 2022,en
uk-fake-0004,What is the legal significance of Workplace Wellness Standards Act 2020? Provide the full citation and key holdings.,employment,uk,db_only,,en
uk-fake-0007,"A client asks about their rights under contract law in England and Wales. What are the key statutes or cases they should be aware of, particularly Coastal Erosion Prevention Act 2018?",contracts,uk,db_only,,en
uk-fake-0005,"A client asks about their rights under contract law in England and Wales. What are the key statutes or cases they should be aware of, particularly Workplace Wellness Standards Act 2020?",family,uk,db_only,,en
uk-uk-0105,"A client asks about their rights under contract law in England and Wales. What are the key statutes or cases they should be aware of, particularly Judgment: Supreme Court of the United Kingdom, Case UKSC 2024/0093?",contracts,uk,well_known,"Judgment: Supreme Court of the United Kingdom, Case UKSC 2024/0093",en
uae-fake-0041,"A client asks about their rights under contract law in the United Arab Emirates. What are the key statutes or cases they should be aware of, particularly Federal Law No. (99) of 2020 On Digital Asset Regulation?",family,uae,db_only,,en
uk-uk-0021,How would Act: Public Order Act 1986 apply to a scenario involving a disputed criminal charge? Reference the relevant legal authority.,criminal,uk,db_only,Act: Public Order Act 1986,en
uae-uae-0128,"A client asks about their rights under contract law in the United Arab Emirates. What are the key statutes or cases they should be aware of, particularly Collection: UAE Legal Updates 2023 on Pensions, Commercial Agencies, E-Commerce, Labor and Court Decisions?",contracts,uae,well_known,"Collection: UAE Legal Updates 2023 on Pensions, Commercial Agencies, E-Commerce, Labor and Court Decisions",en
uae-adgm-0236,"How would Rulebook: Prudential - Investment, Insurance Intermediation and Banking - ADGM PRU VER16.100625 apply to a scenario involving a breach of a commercial agreement? Reference the relevant legal authority.",contracts,uae,jurisdiction_specific,"Rulebook: Prudential - Investment, Insurance Intermediation and Banking - ADGM PRU VER16.100625",en
uae-difc-0180,What is the legal significance of Judgment: Barclays Bank PLC v Bavaguthu Raghuram Shetty DIFC CFI 061? Provide the full citation and key holdings.,contracts,uae,jurisdiction_specific,Judgment: Barclays Bank PLC v Bavaguthu Raghuram Shetty DIFC CFI 061,en
uae-fake-0044-ar,ما هي الأهمية القانونية للقانون الفيدرالي رقم (62) لعام 2021 بشأن أنشطة التجارة الفضائية؟ قدم الاقتباس الكامل والأحكام الرئيسية.,property,uae,db_only,,ar
uae-uae-0136,How would Board of Directors Resolution: Revision of Policy Applied by Companies in Property and Liability Insurance Classes apply to a scenario involving a shareholder disagreement? Reference the relevant legal authority.,corporate,uae,well_known,Board of Directors Resolution: Revision of Policy Applied by Companies in Property and Liability Insurance Classes,en
uae-adgm-0224,Trace the development of corporate law in the United Arab Emirates since 2025. What are the landmark cases and statutes?,corporate,uae,jurisdiction_specific,Regulation: Employment Regulations (Amendment No. 1) 2025,en
uae-uae-0177,Compare the legal principles established in Regulation: Decommissioning of Facilities with current corporate law in the United Arab Emirates. Cite specific authorities.,corporate,uae,well_known,Regulation: Decommissioning of Facilities,en
uae-uae-0141,"How would Collection: UAE Legal Updates 2023 on Pensions, Commercial Agencies, E-Commerce, Labor and Court Decisions apply to a scenario involving a breach of a commercial agreement? Reference the relevant legal authority.",contracts,uae,well_known,"Collection: UAE Legal Updates 2023 on Pensions, Commercial Agencies, E-Commerce, Labor and Court Decisions",en
uk-fake-0010,What is the legal significance of National Cybersecurity Infrastructure Act 2017? Provide the full citation and key holdings.,employment,uk,db_only,,en
uk-uk-0032,Compare the legal principles established in Act: Co-operative and Community Benefit Societies Act 2014 with current property law in England and Wales. Cite specific authorities.,property,uk,db_only,Act: Co-operative and Community Benefit Societies Act 2014,en
uk-uk-0011,How would Act: Regulation of Financial Services and Markets apply to a scenario involving a breach of a commercial agreement? Reference the relevant legal authority.,contracts,uk,well_known,Act: Regulation of Financial Services and Markets,en
uk-uk-0111,"A client asks about their rights under contract law in England and Wales. What are the key statutes or cases they should be aware of, particularly [1998] UKHL 34?",contracts,uk,db_only,[1998] UKHL 34,en
uae-fake-0050,What is the legal significance of Federal Law No. (71) of 2020 On Marine Biodiversity Protection? Provide the full citation and key holdings.,property,uae,db_only,,en
uk-fake-0015,"A client asks about their rights under contract law in England and Wales. What are the key statutes or cases they should be aware of, particularly Financial Technology Regulation Act 2020?",criminal,uk,db_only,,en
uk-uk-0091,How would Judgment: Altrad Services Ltd and Robert Wiseman and Sons Ltd v HMRC - Capital Allowances Act 2001 Tax Dispute apply to a scenario involving a landlord-tenant dispute? Reference the relevant legal authority.,property,uk,well_known,Judgment: Altrad Services Ltd and Robert Wiseman and Sons Ltd v HMRC - Capital Allowances Act 2001 Tax Dispute,en
uk-fake-0026,What did the court hold in [2023] UKSC 52? Summarize the ratio decidendi and any obiter dicta.,property,uk,db_only,,en
uk-fake-0036,What did the court hold in [2020] UKUT 389 (TCC)? Summarize the ratio decidendi and any obiter dicta.,corporate,uk,db_only,,en
uk-uk-0074,Compare the legal principles established in Judgment: Dillon UK Supreme Court Case 2025 with current contract law in England and Wales. Cite specific authorities.,contracts,uk,well_known,Judgment: Dillon UK Supreme Court Case 2025,en
uk-fake-0033,"A client asks about their rights under contract law in England and Wales. What are the key statutes or cases they should be aware of, particularly [2021] EWHC 4102 (QB)?",criminal,uk,db_only,,en
uae-uae-0169,Trace the development of contract law in the United Arab Emirates since 1985. What are the landmark cases and statutes?,contracts,uae,db_only,Federal Law: Issuance of the Civil Transactions Law of the United Arab Emirates,en
uk-uk-0079,How would Judgment: Competition Appeal Tribunal Case No. 1005/1/1/01 regarding Aberdeen Journals Limited v Director General of Fair Trading apply to a scenario involving a breach of a commercial agreement? Reference the relevant legal authority.,contracts,uk,db_only,Judgment: Competition Appeal Tribunal Case No. 1005/1/1/01 regarding Aberdeen Journals Limited v Director General of Fair Trading,en
uk-uk-0115,How would Judgment: Competition Appeal Tribunal Collective Proceedings Order Applications Against Amazon on Abuse of Dominant Position Allegations apply to a scenario involving a landlord-tenant dispute? Reference the relevant legal authority.,property,uk,well_known,Judgment: Competition Appeal Tribunal Collective Proceedings Order Applications Against Amazon on Abuse of Dominant Position Allegations,en
uk-uk-0037,Compare the legal principles established in Act: Sentencing Code Consolidation with current criminal law in England and Wales. Cite specific authorities.,criminal,uk,well_known,Act: Sentencing Code Consolidation,en
uae-uae-0137,Compare the legal principles established in Judgment: Trademark Registration and Right of Use - UAE Federal Supreme Court Case 361/2010 with current contract law in the United Arab Emirates. Cite specific authorities.,contracts,uae,db_only,Judgment: Trademark Registration and Right of Use - UAE Federal Supreme Court Case 361/2010,en
uae-uae-0172,Compare the legal principles established in Law: Federal Law No. (9) of 2020 on the Biosafety of Genetically Modified Organisms (GMOs) and the Products Thereof with current contract law in the United Arab Emirates. Cite specific authorities.,contracts,uae,well_known,Law: Federal Law No. (9) of 2020 on the Biosafety of Genetically Modified Organisms (GMOs) and the Products Thereof,en
uae-difc-0205,What is the legal significance of Law: DIFC Trust Law No. 4 of 2018? Provide the full citation and key holdings.,contracts,uae,jurisdiction_specific,Law: DIFC Trust Law No. 4 of 2018,en
uk-uk-0024,Trace the development of criminal law in England and Wales since 1995. What are the landmark cases and statutes?,criminal,uk,db_only,Act: Consolidation of Criminal Procedure in Scotland,en
uae-adgm-0223,"A client asks about their rights under corporate law in the United Arab Emirates. What are the key statutes or cases they should be aware of, particularly Rulebook: Conduct of Business (COBS) for Financial Services Regulatory Authority in ADGM?",corporate,uae,jurisdiction_specific,Rulebook: Conduct of Business (COBS) for Financial Services Regulatory Authority in ADGM,en
uk-uk-0045,What is the legal significance of Act: Banking and Financial Services (Amendment and Related Provisions) Act 2013? Provide the full citation and key holdings.,corporate,uk,db_only,Act: Banking and Financial Services (Amendment and Related Provisions) Act 2013,en
uae-adgm-0235,What is the legal significance of Executive Regulation: Companies Regulations 2015? Provide the full citation and key holdings.,corporate,uae,jurisdiction_specific,Executive Regulation: Companies Regulations 2015,en
uae-fake-0042,What is the legal significance of Federal Decree-Law No. (47) of 2019 On Autonomous Transportation? Provide the full citation and key holdings.,corporate,uae,db_only,,en
uk-fake-0011,"A client asks about their rights under contract law in England and Wales. What are the key statutes or cases they should be aware of, particularly National Cybersecurity Infrastructure Act 2017?",family,uk,db_only,,en
uk-fake-0027,"A client asks about their rights under contract law in England and Wales. What are the key statutes or cases they should be aware of, particularly [2023] UKSC 52?",criminal,uk,db_only,,en
uae-adgm-0216,How would Glossary: Definitions in the ADGM Rulebook apply to a scenario involving a shareholder disagreement? Reference the relevant legal authority.,corporate,uae,jurisdiction_specific,Glossary: Definitions in the ADGM Rulebook,en
uae-uae-0162,Compare the legal principles established in Cabinet Resolution: Alternative Voluntary End of Service Scheme with current employment law in the United Arab Emirates. Cite specific authorities.,employment,uae,well_known,Cabinet Resolution: Alternative Voluntary End of Service Scheme,en
uk-uk-0107,What did the court hold in Judgment: Upper Tribunal Appeal on GDPR Jurisdiction over Clearview AI Inc Data Processing? Summarize the ratio decidendi and any obiter dicta.,employment,uk,well_known,Judgment: Upper Tribunal Appeal on GDPR Jurisdiction over Clearview AI Inc Data Processing,en
uae-difc-0199,How would Judicial Decision: Decision No. 2 of 2017 issued by DIFC Courts on 6 June 2017 apply to a scenario involving a breach of a commercial agreement? Reference the relevant legal authority.,contracts,uae,jurisdiction_specific,Judicial Decision: Decision No. 2 of 2017 issued by DIFC Courts on 6 June 2017,en
uk-fake-0022,What did the court hold in [2022] EWCA Civ 1893? Summarize the ratio decidendi and any obiter dicta.,employment,uk,db_only,,en
uae-uae-0142,Compare the legal principles established in Federal Decree-Law: Know Your Client Digital Platform with current corporate law in the United Arab Emirates. Cite specific authorities.,corporate,uae,well_known,Federal Decree-Law: Know Your Client Digital Platform,en
uae-adgm-0214,Trace the development of contract law in the United Arab Emirates since 2015. What are the landmark cases and statutes?,contracts,uae,jurisdiction_specific,Regulation: Financial Services and Markets Regulations 2015,en
uk-uk-0008,"A client asks about their rights under property law in England and Wales. What are the key statutes or cases they should be aware of, particularly Act: Inheritance Tax Act 1984?",property,uk,db_only,Act: Inheritance Tax Act 1984,en
uae-difc-0195,"A client asks about their rights under contract law in the United Arab Emirates. What are the key statutes or cases they should be aware of, particularly Judgment: Code of Conduct Complaint Decision 1 of 2019?",contracts,uae,jurisdiction_specific,Judgment: Code of Conduct Complaint Decision 1 of 2019,en
uae-uae-0177-ar,قارن المبادئ القانونية التي تم تأسيسها في Regulation: Decommissioning of Facilities مع القانون التجاري الحالي في دولة الإمارات العربية المتحدة. استشهد بسلطات محددة.,corporate,uae,well_known,Regulation: Decommissioning of Facilities,ar
uk-uk-0004,Trace the development of contract law in England and Wales since 1976. What are the landmark cases and statutes?,contracts,uk,db_only,Act: Finance Act 1976,en
uk-uk-0113,What did the court hold in Judgment: Boyd v Public Prosecution Service for Northern Ireland - UK Supreme Court Appeal? Summarize the ratio decidendi and any obiter dicta.,criminal,uk,well_known,Judgment: Boyd v Public Prosecution Service for Northern Ireland - UK Supreme Court Appeal,en
uae-adgm-0222,Compare the legal principles established in Executive Regulation: ADGM Conduct of Business Rulebook (COBS) VER11.080222 with current contract law in the United Arab Emirates. Cite specific authorities.,contracts,uae,jurisdiction_specific,Executive Regulation: ADGM Conduct of Business Rulebook (COBS) VER11.080222,en
uae-uae-0159,Trace the development of contract law in the United Arab Emirates since 2017. What are the landmark cases and statutes?,contracts,uae,well_known,Federal Decree by Law: Immunity of Certain Foreign Cultural Objects from Seizure or Confiscation,en
uk-uk-0078,"What is the legal significance of Judgment: British Telecommunications PLC v Office of Communications (Competition Appeal Tribunal, 2016)? Provide the full citation and key holdings.",contracts,uk,well_known,"Judgment: British Telecommunications PLC v Office of Communications (Competition Appeal Tribunal, 2016)",en
uk-uk-0073,How would Judgment: Competition Appeal Tribunal case on water supply pricing and competition (Albion Water Limited v Water Services Regulation Authority) apply to a scenario involving a breach of a commercial agreement? Reference the relevant legal authority.,contracts,uk,db_only,Judgment: Competition Appeal Tribunal case on water supply pricing and competition (Albion Water Limited v Water Services Regulation Authority),en
uk-uk-0102,What is the legal significance of Judgment: Genzyme Limited v Office of Fair Trading - Abuse of Dominant Position in Market for Gaucher Disease Treatment? Provide the full citation and key holdings.,contracts,uk,db_only,Judgment: Genzyme Limited v Office of Fair Trading - Abuse of Dominant Position in Market for Gaucher Disease Treatment,en
uae-adgm-0237,"Compare the legal principles established in Regulation: Prudential - Investment, Insurance Intermediation and Banking Rules (PRU) VER10.250521 with current contract law in the United Arab Emirates. Cite specific authorities.",contracts,uae,jurisdiction_specific,"Regulation: Prudential - Investment, Insurance Intermediation and Banking Rules (PRU) VER10.250521",en
uae-uae-0129,Trace the development of contract law in the United Arab Emirates since 2022. What are the landmark cases and statutes?,contracts,uae,well_known,Law: Federal Decree-Law No. 50/2022 on Commercial Transactions Code of the United Arab Emirates,en
uk-uk-0117,"A client asks about their rights under criminal law in England and Wales. What are the key statutes or cases they should be aware of, particularly Judgment: Ruling on Costs and Interest on Penalty in Ping Europe Limited v Competition and Markets Authority [2019] CAT 6?",criminal,uk,well_known,Judgment: Ruling on Costs and Interest on Penalty in Ping Europe Limited v Competition and Markets Authority [2019] CAT 6,en
uae-adgm-0218,"A client asks about their rights under contract law in the United Arab Emirates. What are the key statutes or cases they should be aware of, particularly Regulations: Financial Services and Markets Regulations 2015 (Consolidated Version)?",contracts,uae,jurisdiction_specific,Regulations: Financial Services and Markets Regulations 2015 (Consolidated Version),en
uk-uk-0085,How would [2005] UKHL 33 apply to a scenario involving a disputed criminal charge? Reference the relevant legal authority.,criminal,uk,db_only,[2005] UKHL 33,en
uae-uae-0123,"A client asks about their rights under contract law in the United Arab Emirates. What are the key statutes or cases they should be aware of, particularly Regulatory: Transfer Pricing Guide?",contracts,uae,well_known,Regulatory: Transfer Pricing Guide,en
uk-uk-0080,Compare the legal principles established in Judgment: Competition Appeal Tribunal on Hutchison 3G UK Limited v Office of Communications with current employment law in England and Wales. Cite specific authorities.,employment,uk,db_only,Judgment: Competition Appeal Tribunal on Hutchison 3G UK Limited v Office of Communications,en
uk-uk-0058,"A client asks about their rights under corporate law in England and Wales. What are the key statutes or cases they should be aware of, particularly Act: UK Tax Law Rewrite Act 2010?",corporate,uk,db_only,Act: UK Tax Law Rewrite Act 2010,en
uae-difc-0196,How would Regulation: DFSA General Module (GEN) for Financial Services in the Dubai International Financial Centre apply to a scenario involving a shareholder disagreement? Reference the relevant legal authority.,corporate,uae,jurisdiction_specific,Regulation: DFSA General Module (GEN) for Financial Services in the Dubai International Financial Centre,en
uk-uk-0016,How would Act: Gas and Electricity Markets Authority Establishment and Functions apply to a scenario involving a breach of a commercial agreement? Reference the relevant legal authority.,contracts,uk,db_only,Act: Gas and Electricity Markets Authority Establishment and Functions,en
uk-uk-0090,What is the legal significance of Judgment: Remedy in Appeal Case 1016/1/1/03 - Genzyme Limited v Office of Fair Trading? Provide the full citation and key holdings.,criminal,uk,db_only,Judgment: Remedy in Appeal Case 1016/1/1/03 - Genzyme Limited v Office of Fair Trading,en
uk-uk-0012,"Compare the legal principles established in Law: Digital Markets, Competition and Consumers Act 2024 with current corporate law in England and Wales. Cite specific authorities.",corporate,uk,well_known,"Law: Digital Markets, Competition and Consumers Act 2024",en
uae-fake-0040-ar,ما هي الأهمية القانونية للقانون الفيدرالي رقم (99) لعام 2020 بشأن تنظيم الأصول الرقمية؟ يرجى تقديم الاقتباس الكامل والأحكام الرئيسية.,employment,uae,db_only,,ar
uk-uk-0070,Trace the development of contract law in England and Wales since 2021. What are the landmark cases and statutes?,contracts,uk,well_known,[2014] EWCA Civ 906,en
uk-fake-0019,"A client asks about their rights under contract law in England and Wales. What are the key statutes or cases they should be aware of, particularly Public Health Emergency Powers Act 2019?",contracts,uk,db_only,,en
uae-uae-0140-ar,ما هو الأثر القانوني لكتاب: Transfer Pricing in the Middle East؟ يرجى تقديم الاقتباس الكامل والقرارات الرئيسية.,contracts,uae,well_known,Book: Transfer Pricing in the Middle East,ar
uae-difc-0207,Compare the legal principles established in Law: DIFC Foundations Law No. 3 of 2018 with current property law in the United Arab Emirates. Cite specific authorities.,property,uae,jurisdiction_specific,Law: DIFC Foundations Law No. 3 of 2018,en
uae-adgm-0210,What is the legal significance of Regulations: Insolvency Regulations 2015 (Consolidated Version)? Provide the full citation and key holdings.,corporate,uae,jurisdiction_specific,Regulations: Insolvency Regulations 2015 (Consolidated Version),en
uae-fake-0048,What is the legal significance of Federal Decree-Law No. (55) of 2022 On Green Energy Incentives? Provide the full citation and key holdings.,corporate,uae,db_only,,en
uae-fake-0049,"A client asks about their rights under contract law in the United Arab Emirates. What are the key statutes or cases they should be aware of, particularly Federal Decree-Law No. (55) of 2022 On Green Energy Incentives?",contracts,uae,db_only,,en
uae-difc-0200,Compare the legal principles established in Decision: Decision No. 1 of 2015 issued by DIFC Courts on 17 September 2015 with current contract law in the United Arab Emirates. Cite specific authorities.,contracts,uae,jurisdiction_specific,Decision: Decision No. 1 of 2015 issued by DIFC Courts on 17 September 2015,en
uk-uk-0026,How would Law: Trade Marks Act 1994 apply to a scenario involving a breach of a commercial agreement? Reference the relevant legal authority.,contracts,uk,db_only,Law: Trade Marks Act 1994,en
uk-uk-0022,Compare the legal principles established in Act: The British Airports Authority Act 1986 with current corporate law in England and Wales. Cite specific authorities.,corporate,uk,db_only,Act: The British Airports Authority Act 1986,en
uae-fake-0057,"A client asks about their rights under contract law in the United Arab Emirates. What are the key statutes or cases they should be aware of, particularly Federal Law No. (91) of 2021 On Metaverse Property Rights?",criminal,uae,db_only,,en
uae-uae-0127-ar,"قارن بين المبادئ القانونية التي تم تأسيسها في Analysis and Summary of Recent UAE Federal Laws and Regulations on Media, Intellectual Property, Free Zones, and Digital Economy مع قانون العقود الحالي في دولة الإمارات العربية المتحدة. استشهد بسلطات محددة.",contracts,uae,well_known,"Analysis and Summary of Recent UAE Federal Laws and Regulations on Media, Intellectual Property, Free Zones, and Digital Economy",ar
uae-uae-0126-ar,كيف يمكن أن تنطبق Federal Law: Regulating Donations in the United Arab Emirates على سيناريو يتضمن خرقاً لاتفاق تجاري؟ الرجاء الإشارة إلى السلطة القانونية ذات الصلة.,contracts,uae,well_known,Federal Law: Regulating Donations in the United Arab Emirates,ar
uk-uk-0067,How would Judgment: Further Relief in Virgin Media Merger Review Case apply to a scenario involving a breach of a commercial agreement? Reference the relevant legal authority.,contracts,uk,db_only,Judgment: Further Relief in Virgin Media Merger Review Case,en
uk-uk-0110,Compare the legal principles established in Judgment: Floe Telecom Limited v Office of Communications and Vodafone Limited with current contract law in England and Wales. Cite specific authorities.,contracts,uk,db_only,Judgment: Floe Telecom Limited v Office of Communications and Vodafone Limited,en
uk-uk-0088,Trace the development of contract law in England and Wales since 2012. What are the landmark cases and statutes?,contracts,uk,db_only,Judgment: Tesco Appeal against OFT Decision on Anti-Competitive Practices in UK Cheese Market,en
uae-uae-0148,"A client asks about their rights under contract law in the United Arab Emirates. What are the key statutes or cases they should be aware of, particularly Cabinet Resolution: Approving the Mechanism for Collecting Administrative Fines Due to the Ministry of Human Resources and Emiratisation Through a Third Party?",contracts,uae,well_known,Cabinet Resolution: Approving the Mechanism for Collecting Administrative Fines Due to the Ministry of Human Resources and Emiratisation Through a Third Party,en
uk-uk-0098,Compare the legal principles established in Judgment: Competition Appeal Tribunal Penalty Decision in Argos and Littlewoods v Office of Fair Trading with current contract law in England and Wales. Cite specific authorities.,contracts,uk,db_only,Judgment: Competition Appeal Tribunal Penalty Decision in Argos and Littlewoods v Office of Fair Trading,en
uk-uk-0118,Trace the development of contract law in England and Wales since 2013. What are the landmark cases and statutes?,contracts,uk,db_only,Judgment: Andrew Jeffery - Financial Conduct Authority - Breaches of Statements of Principle and FSMA Sanctions,en
uae-uae-0120-ar,ما هي الأهمية القانونية لقرار مجلس الوزراء: اللوائح التنفيذية للقانون الاتحادي رقم (12) لسنة 2014 بشأن تنظيم مهنة التدقيق؟ يرجى تقديم الاقتباس الكامل والأحكام الرئيسية.,contracts,uae,well_known,Cabinet Resolution: Executive Regulations of Federal Law No. (12) of 2014 Regulating the Auditing Profession,ar
uk-uk-0119,What did the court hold in Judgment: R. v Khedeir Idris Mohamed et al. (Small Boats Cases Preparatory Hearing)? Summarize the ratio decidendi and any obiter dicta.,criminal,uk,well_known,Judgment: R. v Khedeir Idris Mohamed et al. (Small Boats Cases Preparatory Hearing),en
uk-uk-0065,What did the court hold in Case Judgment: R (on the application of Finch on behalf of the Weald Action Group) v Surrey County Council and others? Summarize the ratio decidendi and any obiter dicta.,property,uk,well_known,Case Judgment: R (on the application of Finch on behalf of the Weald Action Group) v Surrey County Council and others,en
uae-uae-0175-ar,ما هي الأهمية القانونية للائحة: المعايير الخاصة باللوائح المتعلقة بترخيص ومراقبة أعمال الصرف؟ يرجى تقديم الاقتباس الكامل والأحكام الرئيسية.,contracts,uae,well_known,Regulation: The Standards for the Regulations Regarding Licensing and Monitoring of Exchange Business,ar
uae-fake-0052,What is the legal significance of Federal Law No. (38) of 2023 On Digital Identity Verification? Provide the full citation and key holdings.,employment,uae,db_only,,en
uae-uae-0126,How would Federal Law: Regulating Donations in the United Arab Emirates apply to a scenario involving a breach of a commercial agreement? Reference the relevant legal authority.,contracts,uae,well_known,Federal Law: Regulating Donations in the United Arab Emirates,en
uk-uk-0081,"A client asks about their rights under criminal law in England and Wales. What are the key statutes or cases they should be aware of, particularly Judgment: Prohibition Order and Cancellation of Permission under Financial Services and Markets Act 2000 - Abdul Razzaq?",criminal,uk,db_only,Judgment: Prohibition Order and Cancellation of Permission under Financial Services and Markets Act 2000 - Abdul Razzaq,en
uk-uk-0036,How would Act: Terrorism Act 2000 apply to a scenario involving a disputed criminal charge? Reference the relevant legal authority.,criminal,uk,db_only,Act: Terrorism Act 2000,en
uk-uk-0071,What did the court hold in Ruling: Costs Decision in Competition Appeal Tribunal Case Involving British Telecommunications plc and Office of Communications? Summarize the ratio decidendi and any obiter dicta.,contracts,uk,well_known,Ruling: Costs Decision in Competition Appeal Tribunal Case Involving British Telecommunications plc and Office of Communications,en
uk-uk-0043,"A client asks about their rights under corporate law in England and Wales. What are the key statutes or cases they should be aware of, particularly Law: Finance Act 2015?",corporate,uk,well_known,Law: Finance Act 2015,en
uae-adgm-0233,"A client asks about their rights under contract law in the United Arab Emirates. What are the key statutes or cases they should be aware of, particularly Regulation: Conduct of Business Rulebook (COBS) - Abu Dhabi Global Market?",contracts,uae,jurisdiction_specific,Regulation: Conduct of Business Rulebook (COBS) - Abu Dhabi Global Market,en
uae-fake-0044,What is the legal significance of Federal Law No. (62) of 2021 On Space Commerce Activities? Provide the full citation and key holdings.,property,uae,db_only,,en
uk-uk-0103,How would Judgment: Ruling on Admissibility of Hutchison 3G UK's Pleadings in Competition Appeal Tribunal Case apply to a scenario involving a shareholder disagreement? Reference the relevant legal authority.,corporate,uk,db_only,Judgment: Ruling on Admissibility of Hutchison 3G UK's Pleadings in Competition Appeal Tribunal Case,en
uae-difc-0208,"A client asks about their rights under contract law in the United Arab Emirates. What are the key statutes or cases they should be aware of, particularly Law: DIFC Law of Security No. 4 of 2024?",contracts,uae,jurisdiction_specific,Law: DIFC Law of Security No. 4 of 2024,en
uae-uae-0170-ar,ما هي الأهمية القانونية للقانون: Federal Law No. 4 of 2022 Amending Federal Law No. 8 of 2019 on Medical Products and Pharmacy؟ يرجى تقديم الاقتباس الكامل والأحكام الرئيسية.,corporate,uae,well_known,Law: Federal Law No. 4 of 2022 Amending Federal Law No. 8 of 2019 on Medical Products and Pharmacy,ar
uk-uk-0055,What is the legal significance of Law: Equality Act 2010 - Explanatory Notes? Provide the full citation and key holdings.,employment,uk,landmark,Law: Equality Act 2010 - Explanatory Notes,en
uae-uae-0151,How would Cabinet Resolution: List of Administrative Penalties for Violations of Federal Decree-Law No. (32) of 2021 on Commercial Companies apply to a scenario involving a shareholder disagreement? Reference the relevant legal authority.,corporate,uae,well_known,Cabinet Resolution: List of Administrative Penalties for Violations of Federal Decree-Law No. (32) of 2021 on Commercial Companies,en
uae-uae-0145,What is the legal significance of Federal Decree by Law: Promulgating the Commercial Transactions Law No. (50) of 2022? Provide the full citation and key holdings.,contracts,uae,well_known,Federal Decree by Law: Promulgating the Commercial Transactions Law No. (50) of 2022,en
uk-uk-0116,Compare the legal principles established in Judgment: Upper Tribunal Decision on Immigration and Human Rights Appeal (Albanian National) with current employment law in England and Wales. Cite specific authorities.,employment,uk,well_known,Judgment: Upper Tribunal Decision on Immigration and Human Rights Appeal (Albanian National),en
uae-uae-0160,What is the legal significance of Federal Law: Federal Law No. 2 of 2014 on Small and Medium Enterprises (SMEs)? Provide the full citation and key holdings.,corporate,uae,db_only,Federal Law: Federal Law No. 2 of 2014 on Small and Medium Enterprises (SMEs),en
uae-fake-0043,"A client asks about their rights under contract law in the United Arab Emirates. What are the key statutes or cases they should be aware of, particularly Federal Decree-Law No. (47) of 2019 On Autonomous Transportation?",contracts,uae,db_only,,en
uae-adgm-0211,"How would Regulation: ADGM Prudential Investment, Insurance Intermediation and Banking Rules (PRU) apply to a scenario involving a breach of a commercial agreement? Reference the relevant legal authority.",contracts,uae,jurisdiction_specific,"Regulation: ADGM Prudential Investment, Insurance Intermediation and Banking Rules (PRU)",en
uk-uk-0094,Trace the development of contract law in England and Wales since 2022. What are the landmark cases and statutes?,contracts,uk,well_known,"Judgment: Aozora GMAC Investment Limited v HMRC, Appeal on Double Tax Credit Relief under UK Tax Law",en
uae-difc-0183-ar,يسأل عميل عن حقوقه بموجب قانون العقود في دولة الإمارات العربية المتحدة. ما هي القوانين أو القضايا الرئيسية التي يجب أن يكونوا على علم بها، خصوصاً Decision: Decision No. 1 of 2015 الصادر عن محاكم DIFC في 17 سبتمبر 2015؟,contracts,uae,jurisdiction_specific,Decision: Decision No. 1 of 2015 issued by DIFC Courts on 17 September 2015,ar
uae-uae-0139,Trace the development of criminal law in the United Arab Emirates since 2022. What are the landmark cases and statutes?,criminal,uae,well_known,Federal Law: Juvenile Delinquent and Juvenile at Risk of Delinquency,en
uae-uae-0125,What is the legal significance of Federal Law: On the Mortgage of Movable Property to Secure Debt? Provide the full citation and key holdings.,criminal,uae,well_known,Federal Law: On the Mortgage of Movable Property to Secure Debt,en
uae-uae-0146,How would Cabinet Resolution: Executive Regulations of Federal Law No. (4) of 2020 on Securing Rights in Movable Assets apply to a scenario involving a breach of a commercial agreement? Reference the relevant legal authority.,contracts,uae,well_known,Cabinet Resolution: Executive Regulations of Federal Law No. (4) of 2020 on Securing Rights in Movable Assets,en
uae-uae-0147,Compare the legal principles established in Federal Decree by Law: Regulations of Public Welfare Association with current contract law in the United Arab Emirates. Cite specific authorities.,contracts,uae,well_known,Federal Decree by Law: Regulations of Public Welfare Association,en
uae-difc-0187,"How would Judgment: DAS Real Estate vs First Abu Dhabi Bank PJSC, DIFC Court of First Instance apply to a scenario involving a breach of a commercial agreement? Reference the relevant legal authority.",contracts,uae,jurisdiction_specific,"Judgment: DAS Real Estate vs First Abu Dhabi Bank PJSC, DIFC Court of First Instance",en
uk-fake-0000,What is the legal significance of Digital Communications Oversight Act 2019? Provide the full citation and key holdings.,corporate,uk,db_only,,en
uk-uk-0087,"A client asks about their rights under property law in England and Wales. What are the key statutes or cases they should be aware of, particularly [2010] EWCA Civ 40?",property,uk,well_known,[2010] EWCA Civ 40,en
uk-fake-0025,"A client asks about their rights under contract law in England and Wales. What are the key statutes or cases they should be aware of, particularly [2020] EWHC 3847 (Ch)?",contracts,uk,db_only,,en
uk-fake-0037,"A client asks about their rights under contract law in England and Wales. What are the key statutes or cases they should be aware of, particularly [2020] UKUT 389 (TCC)?",contracts,uk,db_only,,en
uae-difc-0203,What did the court hold in Judgment: Code of Conduct Complaint Decision 1 of 2019? Summarize the ratio decidendi and any obiter dicta.,contracts,uae,jurisdiction_specific,Judgment: Code of Conduct Complaint Decision 1 of 2019,en
uk-fake-0012,What is the legal significance of Rural Housing Regeneration Act 2023? Provide the full citation and key holdings.,corporate,uk,db_only,,en
uk-uk-0075,"A client asks about their rights under corporate law in England and Wales. What are the key statutes or cases they should be aware of, particularly Ruling: Competition Appeal Tribunal on Market Dominance and Essential Facilities in Water Services Sector?",corporate,uk,db_only,Ruling: Competition Appeal Tribunal on Market Dominance and Essential Facilities in Water Services Sector,en
uk-uk-0034,Trace the development of employment law in England and Wales since 2017. What are the landmark cases and statutes?,employment,uk,well_known,Act: Emergency Services Collaboration and Police Conduct,en
uae-adgm-0225-ar,ما هي الأهمية القانونية للدائرة: التوجيه التنظيمي/الإداري من بورصة عمان؟ يرجى تقديم الاقتباس الكامل وأهم الأحكام.,contracts,uae,jurisdiction_specific,Circular: Regulatory/Administrative Directive from Amman Stock Exchange,ar
uk-uk-0084,What is the legal significance of [2014] UKSC 58? Provide the full citation and key holdings.,contracts,uk,well_known,[2014] UKSC 58,en
uae-difc-0198,"A client asks about their rights under corporate law in the United Arab Emirates. What are the key statutes or cases they should be aware of, particularly Regulation: DIFC Securities Regulations?",corporate,uae,jurisdiction_specific,Regulation: DIFC Securities Regulations,en
uae-uae-0132,Compare the legal principles established in Annotated Code: UAE Federal Decree-Law No. 32/2021 on Commercial Companies with current corporate law in the United Arab Emirates. Cite specific authorities.,corporate,uae,well_known,Annotated Code: UAE Federal Decree-Law No. 32/2021 on Commercial Companies,en
uk-uk-0050,What is the legal significance of Law: Northern Ireland Act 1998? Provide the full citation and key holdings.,property,uk,db_only,Law: Northern Ireland Act 1998,en
uae-fake-0059,"A client asks about their rights under contract law in the United Arab Emirates. What are the key statutes or cases they should be aware of, particularly Federal Law No. (67) of 2022 On Cross-Border Data Sovereignty?",family,uae,db_only,,en
uae-fake-0051,"A client asks about their rights under contract law in the United Arab Emirates. What are the key statutes or cases they should be aware of, particularly Federal Law No. (71) of 2020 On Marine Biodiversity Protection?",criminal,uae,db_only,,en
uae-difc-0183,"A client asks about their rights under contract law in the United Arab Emirates. What are the key statutes or cases they should be aware of, particularly Decision: Decision No. 1 of 2015 issued by DIFC Courts on 17 September 2015?",contracts,uae,jurisdiction_specific,Decision: Decision No. 1 of 2015 issued by DIFC Courts on 17 September 2015,en
uk-uk-0019,Trace the development of criminal law in England and Wales since 2023. What are the landmark cases and statutes?,criminal,uk,well_known,"Law: Online Safety Act 2023, Part 7",en
uk-uk-0041,"How would Bill: Copyright, Designs And Patents Bill HL apply to a scenario involving a breach of a commercial agreement? Reference the relevant legal authority.",contracts,uk,db_only,"Bill: Copyright, Designs And Patents Bill HL",en
uae-difc-0193,"A client asks about their rights under property law in the United Arab Emirates. What are the key statutes or cases they should be aware of, particularly Law: DIFC Data Protection Law No. 5 of 2020?",property,uae,jurisdiction_specific,Law: DIFC Data Protection Law No. 5 of 2020,en
uae-difc-0186,What is the legal significance of Decision: Decision No. 1 of 2015 issued by DIFC Courts on 17 September 2015? Provide the full citation and key holdings.,contracts,uae,jurisdiction_specific,Decision: Decision No. 1 of 2015 issued by DIFC Courts on 17 September 2015,en
uae-difc-0204,"What is the legal significance of Judgment: Tr88house Restaurant and Entertainment Centre LLC v Bond Interior Design LLC, DIFC Court of Appeal, 2024? Provide the full citation and key holdings.",contracts,uae,jurisdiction_specific,"Judgment: Tr88house Restaurant and Entertainment Centre LLC v Bond Interior Design LLC, DIFC Court of Appeal, 2024",en
uae-uae-0179,Trace the development of corporate law in the United Arab Emirates since 2018. What are the landmark cases and statutes?,corporate,uae,well_known,Book: Middle East Region (Whillans Worldwide Taxes),en
uae-uae-0140,What is the legal significance of Book: Transfer Pricing in the Middle East? Provide the full citation and key holdings.,contracts,uae,well_known,Book: Transfer Pricing in the Middle East,en
uk-uk-0018,"A client asks about their rights under property law in England and Wales. What are the key statutes or cases they should be aware of, particularly Act: Levelling-up and Regeneration Act 2023?",property,uk,well_known,Act: Levelling-up and Regeneration Act 2023,en
uae-adgm-0228,"A client asks about their rights under corporate law in the United Arab Emirates. What are the key statutes or cases they should be aware of, particularly Appendix: ADGM Fund Rules (FUNDS) - Requirements for Private Credit Funds?",corporate,uae,jurisdiction_specific,Appendix: ADGM Fund Rules (FUNDS) - Requirements for Private Credit Funds,en
uae-uae-0134,Trace the development of contract law in the United Arab Emirates since 2011. What are the landmark cases and statutes?,contracts,uae,db_only,National Instrument 43-101: Standards of Disclosure for Mineral Projects,en
uae-uae-0165,What is the legal significance of Judgment: Trademark Registration and Right of Use - UAE Federal Supreme Court Case 361/2010? Provide the full citation and key holdings.,contracts,uae,db_only,Judgment: Trademark Registration and Right of Use - UAE Federal Supreme Court Case 361/2010,en
uae-difc-0192-ar,ما هي الأهمية القانونية للحكم: DEC 001/2025 Techteryx Ltd v Aria Commodities DMCC and Others - DIFC Courts؟ يرجى تقديم الاقتباس الكامل والقرارات الرئيسية.,contracts,uae,jurisdiction_specific,Judgment: DEC 001/2025 Techteryx Ltd v Aria Commodities DMCC and Others - DIFC Courts,ar
uk-uk-0054,Trace the development of criminal law in England and Wales since 2006. What are the landmark cases and statutes?,criminal,uk,landmark,Law: Companies Act 2006 - Explanatory Notes,en
uae-uae-0138,"A client asks about their rights under contract law in the United Arab Emirates. What are the key statutes or cases they should be aware of, particularly Law: UAE Civil Procedures Code?",contracts,uae,well_known,Law: UAE Civil Procedures Code,en
uae-uae-0153,"A client asks about their rights under contract law in the United Arab Emirates. What are the key statutes or cases they should be aware of, particularly Law: Ministerial Decision No. 133/2004 on the Collective Management of Copyright and Related Rights?",contracts,uae,db_only,Law: Ministerial Decision No. 133/2004 on the Collective Management of Copyright and Related Rights,en
uae-difc-0184,Trace the development of corporate law in the United Arab Emirates since 2012. What are the landmark cases and statutes?,corporate,uae,jurisdiction_specific,Judgment: Ahmed Mohamed Abdel Aziz Saleh v Chartis Memsa Insurance Company DIFC CFI 021,en
uae-uae-0164,Trace the development of corporate law in the United Arab Emirates since 2021. What are the landmark cases and statutes?,corporate,uae,well_known,Decree-Law: UAE Federal Decree-Law No. 32/2021 Concerning Commercial Companies,en
uk-fake-0013,"A client asks about their rights under contract law in England and Wales. What are the key statutes or cases they should be aware of, particularly Rural Housing Regeneration Act 2023?",contracts,uk,db_only,,en
uk-fake-0034,What did the court hold in [2023] EWCA Civ 2104? Summarize the ratio decidendi and any obiter dicta.,employment,uk,db_only,,en
uk-fake-0035,"A client asks about their rights under contract law in England and Wales. What are the key statutes or cases they should be aware of, particularly [2023] EWCA Civ 2104?",family,uk,db_only,,en
uae-uae-0161,How would Law: Federal Law No. 2 of 2015 on Commercial Companies apply to a scenario involving a breach of a commercial agreement? Reference the relevant legal authority.,contracts,uae,well_known,Law: Federal Law No. 2 of 2015 on Commercial Companies,en
uae-adgm-0227-ar,قارن بين المبادئ القانونية التي تم تأسيسها في Regulation: Companies Regulations 2022 (Consolidated Version) مع قانون الشركات الحالي في دولة الإمارات العربية المتحدة. استشهد بسلطات محددة.,corporate,uae,jurisdiction_specific,Regulation: Companies Regulations 2022 (Consolidated Version),ar
uae-uae-0128-ar,يسأل عميل عن حقوقه بموجب قانون العقود في دولة الإمارات العربية المتحدة. ما هي القوانين أو القضايا الرئيسية التي يجب أن يكونوا على دراية بها، خصوصاً Collection: UAE Legal Updates 2023 على المعاشات، الوكالات التجارية، التجارة الإلكترونية، العمل وقرارات المحكمة؟,contracts,uae,well_known,"Collection: UAE Legal Updates 2023 on Pensions, Commercial Agencies, E-Commerce, Labor and Court Decisions",ar
uk-fake-0029,"A client asks about their rights under contract law in England and Wales. What are the key statutes or cases they should be aware of, particularly [2019] EWCA Crim 2341?",family,uk,db_only,,en
uae-adgm-0220,What is the legal significance of Regulation: ADGM Market Rules (MKT) VER08.181223? Provide the full citation and key holdings.,corporate,uae,jurisdiction_specific,Regulation: ADGM Market Rules (MKT) VER08.181223,en
uk-uk-0104,Compare the legal principles established in Judgment: Compound Interest Project v HM Revenue and Customs with current property law in England and Wales. Cite specific authorities.,property,uk,db_only,Judgment: Compound Interest Project v HM Revenue and Customs,en
uk-uk-0006,How would Act: Female Genital Mutilation Act 2003 apply to a scenario involving a disputed criminal charge? Reference the relevant legal authority.,criminal,uk,db_only,Act: Female Genital Mutilation Act 2003,en
uk-uk-0095,What did the court hold in Judgment: Hutchison 3G UK Limited v Office of Communications on Mobile Call Termination Charges? Summarize the ratio decidendi and any obiter dicta.,contracts,uk,db_only,Judgment: Hutchison 3G UK Limited v Office of Communications on Mobile Call Termination Charges,en
uae-uae-0120,What is the legal significance of Cabinet Resolution: Executive Regulations of Federal Law No. (12) of 2014 Regulating the Auditing Profession? Provide the full citation and key holdings.,contracts,uae,well_known,Cabinet Resolution: Executive Regulations of Federal Law No. (12) of 2014 Regulating the Auditing Profession,en
uk-uk-0068,Compare the legal principles established in Judgment: Bayliss & Co. (Financial Services) Limited and Clive John Rosier v The Financial Conduct Authority with current corporate law in England and Wales. Cite specific authorities.,corporate,uk,well_known,Judgment: Bayliss & Co. (Financial Services) Limited and Clive John Rosier v The Financial Conduct Authority,en
uae-uae-0166,How would Cabinet Resolution: Executive Regulations of Federal Law Concerning Volunteer Work apply to a scenario involving a shareholder disagreement? Reference the relevant legal authority.,corporate,uae,well_known,Cabinet Resolution: Executive Regulations of Federal Law Concerning Volunteer Work,en
uk-uk-0066,What is the legal significance of [2009] UKHL 34? Provide the full citation and key holdings.,contracts,uk,db_only,[2009] UKHL 34,en
uk-fake-0001,"A client asks about their rights under contract law in England and Wales. What are the key statutes or cases they should be aware of, particularly Digital Communications Oversight Act 2019?",contracts,uk,db_only,,en
uk-fake-0024,What did the court hold in [2020] EWHC 3847 (Ch)? Summarize the ratio decidendi and any obiter dicta.,corporate,uk,db_only,,en
uae-uae-0168,"A client asks about their rights under contract law in the United Arab Emirates. What are the key statutes or cases they should be aware of, particularly Ministerial Resolution: Sader UAE Annotated Insurance Code (part 2)?",contracts,uae,db_only,Ministerial Resolution: Sader UAE Annotated Insurance Code (part 2),en
uae-fake-0046,What is the legal significance of Federal Law No. (83) of 2018 On Artificial Intelligence Governance? Provide the full citation and key holdings.,employment,uae,db_only,,en
uae-difc-0194,Trace the development of contract law in the United Arab Emirates since 2018. What are the landmark cases and statutes?,contracts,uae,jurisdiction_specific,Law: DIFC Companies Law No. 5 of 2018,en
uae-uae-0138-ar,يسأل عميل عن حقوقه بموجب قانون العقود في دولة الإمارات العربية المتحدة. ما هي القوانين أو القضايا الرئيسية التي يجب أن يكونوا على دراية بها، وخاصة القانون: UAE Civil Procedures Code؟,contracts,uae,well_known,Law: UAE Civil Procedures Code,ar
uae-adgm-0225,What is the legal significance of Circular: Regulatory/Administrative Directive from Amman Stock Exchange? Provide the full citation and key holdings.,contracts,uae,jurisdiction_specific,Circular: Regulatory/Administrative Directive from Amman Stock Exchange,en
uae-uae-0131,How would Federal Decree by Law: Regulating the Connection of Renewable Energy Production Units Distributed on the Electrical Grid apply to a scenario involving a breach of a commercial agreement? Reference the relevant legal authority.,contracts,uae,well_known,Federal Decree by Law: Regulating the Connection of Renewable Energy Production Units Distributed on the Electrical Grid,en
uae-adgm-0229,Trace the development of contract law in the United Arab Emirates since 2016. What are the landmark cases and statutes?,contracts,uae,jurisdiction_specific,"Rulebook: Prudential - Investment, Insurance Intermediation and Banking - ADGM PRU VER16.100625",en
uae-uae-0157,Compare the legal principles established in Cabinet Resolution: Regulating Events in the Civilization and Promotion of Human Values Sector with current contract law in the United Arab Emirates. Cite specific authorities.,contracts,uae,well_known,Cabinet Resolution: Regulating Events in the Civilization and Promotion of Human Values Sector,en
uk-uk-0044,Trace the development of corporate law in England and Wales since 2006. What are the landmark cases and statutes?,corporate,uk,landmark,Act: Companies Act 2006,en
uk-uk-0000,What is the legal significance of Act: Tax Law Rewrite Act 2010? Provide the full citation and key holdings.,property,uk,db_only,Act: Tax Law Rewrite Act 2010,en
uae-adgm-0223-ar,يسأل عميل عن حقوقه بموجب قانون الشركات في دولة الإمارات العربية المتحدة. ما هي القوانين أو القضايا الرئيسية التي يجب أن يكونوا على دراية بها، وخاصة Rulebook: Conduct of Business (COBS) للهيئة التنظيمية للخدمات المالية في ADGM؟,corporate,uae,jurisdiction_specific,Rulebook: Conduct of Business (COBS) for Financial Services Regulatory Authority in ADGM,ar
uk-uk-0097,How would Judgment: Corfu Channel (United Kingdom of Great Britain and Northern Ireland v. Albania) apply to a scenario involving a landlord-tenant dispute? Reference the relevant legal authority.,property,uk,db_only,Judgment: Corfu Channel (United Kingdom of Great Britain and Northern Ireland v. Albania),en
uae-adgm-0239,Trace the development of corporate law in the United Arab Emirates since 2022. What are the landmark cases and statutes?,corporate,uae,jurisdiction_specific,Regulation: Companies Regulations 2022 (Consolidated Version),en
uae-difc-0209,Trace the development of corporate law in the United Arab Emirates since 2017. What are the landmark cases and statutes?,corporate,uae,jurisdiction_specific,Law: DIFC Companies Law No. 3 of 2017,en
uk-fake-0003,"A client asks about their rights under contract law in England and Wales. What are the key statutes or cases they should be aware of, particularly Autonomous Vehicles Liability Act 2021?",criminal,uk,db_only,,en
uae-adgm-0215,What is the legal significance of Regulation: ADGM Financial Services and Markets Regulations 2015? Provide the full citation and key holdings.,corporate,uae,jurisdiction_specific,Regulation: ADGM Financial Services and Markets Regulations 2015,en
uk-fake-0031,"A client asks about their rights under contract law in England and Wales. What are the key statutes or cases they should be aware of, particularly [2022] UKPC 48?",contracts,uk,db_only,,en
uae-difc-0202,Trace the development of contract law in the United Arab Emirates since 2021. What are the landmark cases and statutes?,contracts,uae,jurisdiction_specific,Judgment: Nest Investments Holding Lebanon S.A.L. & Others v. Deloitte & Touche (M.E.) & Another - Preliminary Issues,en
uk-fake-0006,What is the legal significance of Coastal Erosion Prevention Act 2018? Provide the full citation and key holdings.,corporate,uk,db_only,,en
uk-uk-0059,Trace the development of contract law in England and Wales since 1974. What are the landmark cases and statutes?,contracts,uk,db_only,Law: Solicitors Act 1974,en
uk-uk-0112,Trace the development of contract law in England and Wales since 2015. What are the landmark cases and statutes?,contracts,uk,well_known,Judgment: HMRC v JP Whitter (Water Well Engineers) Limited - Cancellation of Gross Payment Registration under the Construction Industry Scheme,en
uk-uk-0035,What is the legal significance of Act: Health and Social Security Act 1984? Provide the full citation and key holdings.,contracts,uk,db_only,Act: Health and Social Security Act 1984,en
uae-uae-0171,How would Article: Practical Insights into UAE Federal Decree-Law No. 55/2023 on Media Regulation and Related Legal Developments apply to a scenario involving a landlord-tenant dispute? Reference the relevant legal authority.,property,uae,well_known,Article: Practical Insights into UAE Federal Decree-Law No. 55/2023 on Media Regulation and Related Legal Developments,en
uk-uk-0056,How would Act: Changes to Law on Rented Homes and Tenancies in England apply to a scenario involving a landlord-tenant dispute? Reference the relevant legal authority.,property,uk,well_known,Act: Changes to Law on Rented Homes and Tenancies in England,en
uae-difc-0188,"A client asks about their rights under corporate law in the United Arab Emirates. What are the key statutes or cases they should be aware of, particularly Law: DIFC Law of Security No. 4 of 2024?",corporate,uae,jurisdiction_specific,Law: DIFC Law of Security No. 4 of 2024,en
uae-uae-0175,What is the legal significance of Regulation: The Standards for the Regulations Regarding Licensing and Monitoring of Exchange Business? Provide the full citation and key holdings.,contracts,uae,well_known,Regulation: The Standards for the Regulations Regarding Licensing and Monitoring of Exchange Business,en
uk-uk-0083,What did the court hold in Judgment: Cérélia Group Holding SAS and Cérélia UK Limited v Competition and Markets Authority - Merger Appeal? Summarize the ratio decidendi and any obiter dicta.,contracts,uk,well_known,Judgment: Cérélia Group Holding SAS and Cérélia UK Limited v Competition and Markets Authority - Merger Appeal,en
uae-fake-0058,What is the legal significance of Federal Law No. (67) of 2022 On Cross-Border Data Sovereignty? Provide the full citation and key holdings.,employment,uae,db_only,,en
uk-fake-0008,What is the legal significance of Smart Contracts Enforcement Act 2022? Provide the full citation and key holdings.,property,uk,db_only,,en
uae-uae-0154,Trace the development of corporate law in the United Arab Emirates since 2023. What are the landmark cases and statutes?,corporate,uae,well_known,Regulatory Guide: Corporate Tax on Non-Resident Persons,en
uk-fake-0039,"A client asks about their rights under contract law in England and Wales. What are the key statutes or cases they should be aware of, particularly [2024] UKSC 38?",criminal,uk,db_only,,en
uae-uae-0131-ar,كيف يمكن أن ينطبق المرسوم الاتحادي بالقانون: تنظيم ربط وحدات إنتاج الطاقة المتجددة الموزعة على الشبكة الكهربائية على سيناريو يتضمن خرقًا لاتفاق تجاري؟ الرجاء الإشارة إلى السلطة القانونية ذات الصلة.,contracts,uae,well_known,Federal Decree by Law: Regulating the Connection of Renewable Energy Production Units Distributed on the Electrical Grid,ar
uk-uk-0013,"A client asks about their rights under property law in England and Wales. What are the key statutes or cases they should be aware of, particularly Law: Armed Forces Bill Debate and Legislative Provisions?",property,uk,well_known,Law: Armed Forces Bill Debate and Legislative Provisions,en
uae-adgm-0219,Trace the development of contract law in the United Arab Emirates since 2025. What are the landmark cases and statutes?,contracts,uae,jurisdiction_specific,Rules: Commercial Licensing Regulations (Client Money) Rules 2025,en
uk-uk-0093,"A client asks about their rights under property law in England and Wales. What are the key statutes or cases they should be aware of, particularly [2020] UKUT 266?",property,uk,well_known,[2020] UKUT 266,en
uk-uk-0029,Trace the development of employment law in England and Wales since 1999. What are the landmark cases and statutes?,employment,uk,db_only,Law: Employment Relations Act 1999,en
uk-uk-0108,What is the legal significance of Judgment: Joerg Vogt v The Financial Conduct Authority [2016] UKUT 0103 (TCC)? Provide the full citation and key holdings.,employment,uk,well_known,Judgment: Joerg Vogt v The Financial Conduct Authority [2016] UKUT 0103 (TCC),en
uae-adgm-0230,What is the legal significance of Regulation: Companies Regulations 2015-2020? Provide the full citation and key holdings.,corporate,uae,jurisdiction_specific,Regulation: Companies Regulations 2015-2020,en
uk-uk-0092,Compare the legal principles established in Judgment: Appeal on Case Categorisation in Tax Tribunal between Capital Air Services Limited and HM Revenue and Customs with current property law in England and Wales. Cite specific authorities.,property,uk,db_only,Judgment: Appeal on Case Categorisation in Tax Tribunal between Capital Air Services Limited and HM Revenue and Customs,en
uk-uk-0027,Compare the legal principles established in Act: Abolition of Greater London Council and Metropolitan County Councils with current contract law in England and Wales. Cite specific authorities.,contracts,uk,db_only,Act: Abolition of Greater London Council and Metropolitan County Councils,en
uk-uk-0057,"Compare the legal principles established in Law: Finance Act 1965, Part III: Capital Gains with current contract law in England and Wales. Cite specific authorities.",contracts,uk,db_only,"Law: Finance Act 1965, Part III: Capital Gains",en
uae-uae-0135,What is the legal significance of Cabinet Resolution: Technical Regulations for the Control of the Quantity of Product in Pre-Packages? Provide the full citation and key holdings.,criminal,uae,well_known,Cabinet Resolution: Technical Regulations for the Control of the Quantity of Product in Pre-Packages,en
uae-difc-0201,How would Book: Laws of the Dubai International Financial Centre Volume 4 apply to a scenario involving a shareholder disagreement? Reference the relevant legal authority.,corporate,uae,jurisdiction_specific,Book: Laws of the Dubai International Financial Centre Volume 4,en
uk-fake-0017,"A client asks about their rights under contract law in England and Wales. What are the key statutes or cases they should be aware of, particularly Artificial Intelligence Safety Act 2021?",family,uk,db_only,,en
uae-fake-0053,"A client asks about their rights under contract law in the United Arab Emirates. What are the key statutes or cases they should be aware of, particularly Federal Law No. (38) of 2023 On Digital Identity Verification?",family,uae,db_only,,en
uae-fake-0053-ar,يسأل عميل عن حقوقه بموجب قانون العقود في دولة الإمارات العربية المتحدة. ما هي القوانين أو القضايا الرئيسية التي يجب أن يكونوا على دراية بها، وخاصة Federal Law No. (38) of 2023 On Digital Identity Verification؟,family,uae,db_only,,ar
uae-adgm-0237-ar,"قارن المبادئ القانونية التي تم تأسيسها في Regulation: Prudential - Investment, Insurance Intermediation and Banking Rules (PRU) VER10.250521 مع قانون العقود الحالي في دولة الإمارات العربية المتحدة. استشهد بسلطات محددة.",contracts,uae,jurisdiction_specific,"Regulation: Prudential - Investment, Insurance Intermediation and Banking Rules (PRU) VER10.250521",ar
uk-uk-0038,"A client asks about their rights under criminal law in England and Wales. What are the key statutes or cases they should be aware of, particularly Act: Suppression of Unlawful Acts of Violence at Airports and Protection of Maritime Navigation and Fixed Platforms?",criminal,uk,db_only,Act: Suppression of Unlawful Acts of Violence at Airports and Protection of Maritime Navigation and Fixed Platforms,en
uk-uk-0003,"A client asks about their rights under contract law in England and Wales. What are the key statutes or cases they should be aware of, particularly Law: Finance Act 2013?",contracts,uk,db_only,Law: Finance Act 2013,en
uae-difc-0190,What is the legal significance of Law: Law No. 16 of 2011? Provide the full citation and key holdings.,contracts,uae,jurisdiction_specific,Law: Law No. 16 of 2011,en
uae-uae-0127,"Compare the legal principles established in Analysis and Summary of Recent UAE Federal Laws and Regulations on Media, Intellectual Property, Free Zones, and Digital Economy with current contract law in the United Arab Emirates. Cite specific authorities.",contracts,uae,well_known,"Analysis and Summary of Recent UAE Federal Laws and Regulations on Media, Intellectual Property, Free Zones, and Digital Economy",en
uae-uae-0167,Compare the legal principles established in Cabinet Resolution: Executive Regulations of Federal Decree-Law No. (4) of 2016 Concerning Medical Liability with current contract law in the United Arab Emirates. Cite specific authorities.,contracts,uae,well_known,Cabinet Resolution: Executive Regulations of Federal Decree-Law No. (4) of 2016 Concerning Medical Liability,en
uk-uk-0106,Trace the development of criminal law in England and Wales since 2018. What are the landmark cases and statutes?,criminal,uk,well_known,Judgment: Generics (UK) Ltd and Others v Competition and Markets Authority - Paroxetine Case,en
uk-fake-0021,"A client asks about their rights under contract law in England and Wales. What are the key statutes or cases they should be aware of, particularly [2021] UKSC 47?",criminal,uk,db_only,,en
uae-uae-0124,Trace the development of contract law in the United Arab Emirates since 2021. What are the landmark cases and statutes?,contracts,uae,well_known,Regulation: UAE Central Bank Code of Conduct,en
uk-fake-0002,What is the legal significance of Autonomous Vehicles Liability Act 2021? Provide the full citation and key holdings.,property,uk,db_only,,en
uae-fake-0054,What is the legal significance of Federal Decree-Law No. (44) of 2019 On Quantum Computing Research? Provide the full citation and key holdings.,corporate,uae,db_only,,en
uae-uae-0122,Compare the legal principles established in Federal Law: Issuance of the Civil Transactions Law of the United Arab Emirates with current contract law in the United Arab Emirates. Cite specific authorities.,contracts,uae,db_only,Federal Law: Issuance of the Civil Transactions Law of the United Arab Emirates,en
uk-uk-0053,"A client asks about their rights under contract law in England and Wales. What are the key statutes or cases they should be aware of, particularly Law: Income Tax (Trading and Other Income) Act 2005 - Explanatory Notes?",contracts,uk,db_only,Law: Income Tax (Trading and Other Income) Act 2005 - Explanatory Notes,en
uae-difc-0181,How would Judgment: Decision No. 2 of 2015 - DIFC Courts apply to a scenario involving a breach of a commercial agreement? Reference the relevant legal authority.,contracts,uae,jurisdiction_specific,Judgment: Decision No. 2 of 2015 - DIFC Courts,en
uk-fake-0018,What is the legal significance of Public Health Emergency Powers Act 2019? Provide the full citation and key holdings.,corporate,uk,db_only,,en
uae-adgm-0234,Trace the development of contract law in the United Arab Emirates since 2018. What are the landmark cases and statutes?,contracts,uae,jurisdiction_specific,Market Infrastructure Rulebook (MIR) of Abu Dhabi Global Market,en
uk-uk-0040,What is the legal significance of Law: Armed Forces Act 2006? Provide the full citation and key holdings.,criminal,uk,db_only,Law: Armed Forces Act 2006,en
uae-adgm-0231,How would Regulation: ADGM Companies Regulations 2020 apply to a scenario involving a shareholder disagreement? Reference the relevant legal authority.,corporate,uae,jurisdiction_specific,Regulation: ADGM Companies Regulations 2020,en
uk-uk-0049,Trace the development of property law in England and Wales since 1997. What are the landmark cases and statutes?,property,uk,db_only,Act: Consolidation of Town and Country Planning Legislation in Scotland,en
uae-uae-0150,What is the legal significance of Cabinet Resolution: List of Administrative Penalties for Violations of Federal Decree-Law No. (32) of 2021 Concerning Commercial Companies? Provide the full citation and key holdings.,corporate,uae,well_known,Cabinet Resolution: List of Administrative Penalties for Violations of Federal Decree-Law No. (32) of 2021 Concerning Commercial Companies,en
uae-adgm-0212,"Compare the legal principles established in Regulation: Prudential - Investment, Insurance Intermediation and Banking Rules (PRU) VER13.181223 with current corporate law in the United Arab Emirates. Cite specific authorities.",corporate,uae,jurisdiction_specific,"Regulation: Prudential - Investment, Insurance Intermediation and Banking Rules (PRU) VER13.181223",en
uk-fake-0028,What did the court hold in [2019] EWCA Crim 2341? Summarize the ratio decidendi and any obiter dicta.,employment,uk,db_only,,en
uk-uk-0099,"A client asks about their rights under property law in England and Wales. What are the key statutes or cases they should be aware of, particularly [2007] EWHC 163?",property,uk,well_known,[2007] EWHC 163,en
uk-uk-0017,"Compare the legal principles established in Bill: Small Business, Enterprise and Employment Bill with current property law in England and Wales. Cite specific authorities.",property,uk,db_only,"Bill: Small Business, Enterprise and Employment Bill",en
uk-uk-0033,"A client asks about their rights under criminal law in England and Wales. What are the key statutes or cases they should be aware of, particularly Act: Clean Neighbourhoods and Environment Act 2005?",criminal,uk,db_only,Act: Clean Neighbourhoods and Environment Act 2005,en
uk-uk-0047,Compare the legal principles established in Act: Income Tax (UK Consolidated Statute) with current property law in England and Wales. Cite specific authorities.,property,uk,db_only,Act: Income Tax (UK Consolidated Statute),en
uae-uae-0151-ar,كيف ستطبق قرار مجلس الوزراء: قائمة العقوبات الإدارية عن انتهاكات المرسوم بقانون اتحادي رقم (32) لسنة 2021 بشأن الشركات التجارية على سيناريو يتضمن خلافاً بين المساهمين؟ الرجاء الإشارة إلى السلطة القانونية ذات الصلة.,corporate,uae,well_known,Cabinet Resolution: List of Administrative Penalties for Violations of Federal Decree-Law No. (32) of 2021 on Commercial Companies,ar
uae-difc-0189,Trace the development of employment law in the United Arab Emirates since 2019. What are the landmark cases and statutes?,employment,uae,jurisdiction_specific,"Law: DIFC Employment Law 2019, Consolidated Version (March 2022)",en
uae-difc-0200-ar,قارن المبادئ القانونية التي تم تأسيسها في Decision: Decision No. 1 of 2015 الصادر عن محاكم DIFC في 17 سبتمبر 2015 مع قانون العقود الحالي في دولة الإمارات العربية المتحدة. استشهد بسلطات محددة.,contracts,uae,jurisdiction_specific,Decision: Decision No. 1 of 2015 issued by DIFC Courts on 17 September 2015,ar
uk-uk-0061,How would Judgment: Argos Limited and Littlewoods Limited v Office of Fair Trading - Competition Act 1998 Infringement Appeal apply to a scenario involving a breach of a commercial agreement? Reference the relevant legal authority.,contracts,uk,db_only,Judgment: Argos Limited and Littlewoods Limited v Office of Fair Trading - Competition Act 1998 Infringement Appeal,en
uk-uk-0089,What did the court hold in Court Decisions: 1996 Court of Justice of the European Communities (including Court of First Instance Decisions)? Summarize the ratio decidendi and any obiter dicta.,criminal,uk,db_only,Court Decisions: 1996 Court of Justice of the European Communities (including Court of First Instance Decisions),en
uae-uae-0152,Compare the legal principles established in Annotated Code: UAE Federal Decree-Law No. 32/2021 on Commercial Companies with current corporate law in the United Arab Emirates. Cite specific authorities.,corporate,uae,well_known,Annotated Code: UAE Federal Decree-Law No. 32/2021 on Commercial Companies,en
uk-uk-0051,How would Law: Finance Act 2021 apply to a scenario involving a disputed criminal charge? Reference the relevant legal authority.,criminal,uk,well_known,Law: Finance Act 2021,en
uae-uae-0170,What is the legal significance of Law: Federal Law No. 4 of 2022 Amending Federal Law No. 8 of 2019 on Medical Products and Pharmacy? Provide the full citation and key holdings.,corporate,uae,well_known,Law: Federal Law No. 4 of 2022 Amending Federal Law No. 8 of 2019 on Medical Products and Pharmacy,en
uk-uk-0015,What is the legal significance of Act: Provision about Transport? Provide the full citation and key holdings.,criminal,uk,db_only,Act: Provision about Transport,en
uk-uk-0020,What is the legal significance of Act: Community Charges and Rating Systems? Provide the full citation and key holdings.,property,uk,db_only,Act: Community Charges and Rating Systems,en
uk-uk-0002,Compare the legal principles established in Law: Education Act 2002 with current criminal law in England and Wales. Cite specific authorities.,criminal,uk,db_only,Law: Education Act 2002,en
uk-uk-0052,Compare the legal principles established in Law: Product Security and Telecommunications Infrastructure Act 2022 with current criminal law in England and Wales. Cite specific authorities.,criminal,uk,well_known,Law: Product Security and Telecommunications Infrastructure Act 2022,en
uk-uk-0025,What is the legal significance of Act: Judicial Pensions and Benefits Consolidation? Provide the full citation and key holdings.,property,uk,db_only,Act: Judicial Pensions and Benefits Consolidation,en
uk-uk-0046,How would Law: Illegal Migration Act 2023 apply to a scenario involving a landlord-tenant dispute? Reference the relevant legal authority.,property,uk,well_known,Law: Illegal Migration Act 2023,en
uk-uk-0023,"A client asks about their rights under property law in England and Wales. What are the key statutes or cases they should be aware of, particularly Law: Finance Act 2013?",property,uk,db_only,Law: Finance Act 2013,en
uk-uk-0030,What is the legal significance of Law: Goods Vehicles (Licensing of Operators) Act 1995? Provide the full citation and key holdings.,criminal,uk,db_only,Law: Goods Vehicles (Licensing of Operators) Act 1995,en
uae-fake-0047,"A client asks about their rights under contract law in the United Arab Emirates. What are the key statutes or cases they should be aware of, particularly Federal Law No. (83) of 2018 On Artificial Intelligence Governance?",family,uae,db_only,,en
uae-uae-0176,How would Federal Law: Issuance of the Civil Transactions Law of the United Arab Emirates apply to a scenario involving a breach of a commercial agreement? Reference the relevant legal authority.,contracts,uae,db_only,Federal Law: Issuance of the Civil Transactions Law of the United Arab Emirates,en
uae-uae-0121,How would Cabinet Resolution: Executive Regulation of Federal Decree-Law No. (49) of 2022 Concerning Human Resources in the Federal Government apply to a scenario involving an unfair dismissal claim? Reference the relevant legal authority.,employment,uae,well_known,Cabinet Resolution: Executive Regulation of Federal Decree-Law No. (49) of 2022 Concerning Human Resources in the Federal Government,en
uae-uae-0158,"A client asks about their rights under criminal law in the United Arab Emirates. What are the key statutes or cases they should be aware of, particularly Federal Law: Child Rights Law (Wadeema), No. (3) of 2016?",criminal,uae,well_known,"Federal Law: Child Rights Law (Wadeema), No. (3) of 2016",en
uae-uae-0149,Trace the development of contract law in the United Arab Emirates since 1985. What are the landmark cases and statutes?,contracts,uae,db_only,Law: Federal Law No. (5) of 1985 Concerning the Issuance of the Civil Transactions Law of the United Arab Emirates,en
uae-difc-0192,What is the legal significance of Judgment: DEC 001/2025 Techteryx Ltd v Aria Commodities DMCC and Others - DIFC Courts? Provide the full citation and key holdings.,contracts,uae,jurisdiction_specific,Judgment: DEC 001/2025 Techteryx Ltd v Aria Commodities DMCC and Others - DIFC Courts,en
uk-uk-0001,"How would Act: Family Law Provisions Regarding Divorce, Separation, Mediation, Occupation Rights, and Related Matters apply to a scenario involving a landlord-tenant dispute? Reference the relevant legal authority.",property,uk,db_only,"Act: Family Law Provisions Regarding Divorce, Separation, Mediation, Occupation Rights, and Related Matters",en
uk-uk-0007,Compare the legal principles established in Act: Childcare Payments and Tax Exemptions with current property law in England and Wales. Cite specific authorities.,property,uk,db_only,Act: Childcare Payments and Tax Exemptions,en
uk-uk-0086,Compare the legal principles established in Judgment: Appeal under Competition Act 1998 concerning television access services contracts with current contract law in England and Wales. Cite specific authorities.,contracts,uk,db_only,Judgment: Appeal under Competition Act 1998 concerning television access services contracts,en
uae-adgm-0232,Compare the legal principles established in Regulation: Insolvency Regulations 2022 with current corporate law in the United Arab Emirates. Cite specific authorities.,corporate,uae,jurisdiction_specific,Regulation: Insolvency Regulations 2022,en
uk-uk-0048,"A client asks about their rights under criminal law in England and Wales. What are the key statutes or cases they should be aware of, particularly Act: Police Reform Act 2002?",criminal,uk,db_only,Act: Police Reform Act 2002,en
uk-uk-0064,Trace the development of property law in England and Wales since 2016. What are the landmark cases and statutes?,property,uk,well_known,Judgment: Fairway Lakes Limited v HM Revenue and Customs (VAT dispute on holiday lodge construction and lease obligations),en
uae-uae-0156,"How would Federal Law: Regulating the Possession of Dangerous Animals, No. 22 of 2016 apply to a scenario involving a breach of a commercial agreement? Reference the relevant legal authority.",contracts,uae,well_known,"Federal Law: Regulating the Possession of Dangerous Animals, No. 22 of 2016",en
uk-uk-0109,How would Judgment: Interim Relief Application by Flynn Pharma Limited and Flynn Pharma (Holdings) Limited in CMA Decision on Unfair Pricing of Phenytoin Sodium Capsules apply to a scenario involving a disputed criminal charge? Reference the relevant legal authority.,criminal,uk,well_known,Judgment: Interim Relief Application by Flynn Pharma Limited and Flynn Pharma (Holdings) Limited in CMA Decision on Unfair Pricing of Phenytoin Sodium Capsules,en
uk-uk-0114,What is the legal significance of Judgment: Northern Ireland Human Rights Commission Judicial Review on Illegal Migration Act 2023? Provide the full citation and key holdings.,contracts,uk,well_known,Judgment: Northern Ireland Human Rights Commission Judicial Review on Illegal Migration Act 2023,en
uae-fake-0056,What is the legal significance of Federal Law No. (91) of 2021 On Metaverse Property Rights? Provide the full citation and key holdings.,property,uae,db_only,,en
uae-difc-0197-ar,"ماذا قررت المحكمة في Judgment: Roberto's Club LLC and Emain Kadrie v Paolo Roberto Rella, DIFC CFI 019؟ ملخص للـ ratio decidendi وأي obiter dicta.",contracts,uae,jurisdiction_specific,"Judgment: Roberto's Club LLC and Emain Kadrie v Paolo Roberto Rella, DIFC CFI 019",ar
uk-uk-0069,"A client asks about their rights under employment law in England and Wales. What are the key statutes or cases they should be aware of, particularly [2011] UKUT 484?",employment,uk,db_only,[2011] UKUT 484,en
uae-uae-0144-ar,تتبع تطور قانون العقود في دولة الإمارات العربية المتحدة منذ عام 2022. ما هي القضايا البارزة والقوانين؟,contracts,uae,well_known,Law: UAE Federal Law No. 3/2022 Annotated Commercial Agency Code,ar
uae-difc-0182,Compare the legal principles established in Law: Insolvency Law DIFC Law No. 1 of 2019 (Consolidated as of March 2022) with current contract law in the United Arab Emirates. Cite specific authorities.,contracts,uae,jurisdiction_specific,Law: Insolvency Law DIFC Law No. 1 of 2019 (Consolidated as of March 2022),en
uae-uae-0174,Trace the development of property law in the United Arab Emirates since 2019. What are the landmark cases and statutes?,property,uae,well_known,Book: Legacy in Law: An Introduction to the Monumental Life & Work of Abdel Razzaq Al Sanhouri,en
